rank,team,elo_rating,rating_date,source,source_original
1,Spain,2155,2026-06-12,https://www.international-football.net/elo-ratings-table?day=12&month=06&year=2026,https://www.eloratings.net/
2,Argentina,2114,2026-06-12,https://www.international-football.net/elo-ratings-table?day=12&month=06&year=2026,https://www.eloratings.net/
3,France,2062,2026-06-12,https://www.international-football.net/elo-ratings-table?day=12&month=06&year=2026,https://www.eloratings.net/
4,England,2021,2026-06-12,https://www.international-football.net/elo-ratings-table?day=12&month=06&year=2026,https://www.eloratings.net/
5,Brazil,1991,2026-06-12,https://www.international-football.net/elo-ratings-table?day=12&month=06&year=2026,https://www.eloratings.net/
6,Portugal,1986,2026-06-12,https://www.international-football.net/elo-ratings-table?day=12&month=06&year=2026,https://www.eloratings.net/
7,Colombia,1977,2026-06-12,https://www.international-football.net/elo-ratings-table?day=12&month=06&year=2026,https://www.eloratings.net/
8,Netherlands,1944,2026-06-12,https://www.international-football.net/elo-ratings-table?day=12&month=06&year=2026,https://www.eloratings.net/
9,Ecuador,1935,2026-06-12,https://www.international-football.net/elo-ratings-table?day=12&month=06&year=2026,https://www.eloratings.net/
10,Germany,1932,2026-06-12,https://www.international-football.net/elo-ratings-table?day=12&month=06&year=2026,https://www.eloratings.net/
11,Norway,1917,2026-06-12,https://www.international-football.net/elo-ratings-table?day=12&month=06&year=2026,https://www.eloratings.net/
12,Turkey,1911,2026-06-12,https://www.international-football.net/elo-ratings-table?day=12&month=06&year=2026,https://www.eloratings.net/
13,Croatia,1908,2026-06-12,https://www.international-football.net/elo-ratings-table?day=12&month=06&year=2026,https://www.eloratings.net/
14,Japan,1906,2026-06-12,https://www.international-football.net/elo-ratings-table?day=12&month=06&year=2026,https://www.eloratings.net/
15,Belgium,1893,2026-06-12,https://www.international-football.net/elo-ratings-table?day=12&month=06&year=2026,https://www.eloratings.net/
16,Uruguay,1892,2026-06-12,https://www.international-football.net/elo-ratings-table?day=12&month=06&year=2026,https://www.eloratings.net/
17,Switzerland,1891,2026-06-12,https://www.international-football.net/elo-ratings-table?day=12&month=06&year=2026,https://www.eloratings.net/
18,Mexico,1875,2026-06-12,https://www.international-football.net/elo-ratings-table?day=12&month=06&year=2026,https://www.eloratings.net/
19,Senegal,1867,2026-06-12,https://www.international-football.net/elo-ratings-table?day=12&month=06&year=2026,https://www.eloratings.net/
20,Denmark,1864,2026-06-12,https://www.international-football.net/elo-ratings-table?day=12&month=06&year=2026,https://www.eloratings.net/
21,Italy,1859,2026-06-12,https://www.international-football.net/elo-ratings-table?day=12&month=06&year=2026,https://www.eloratings.net/
22,Paraguay,1833,2026-06-12,https://www.international-football.net/elo-ratings-table?day=12&month=06&year=2026,https://www.eloratings.net/
23,Austria,1830,2026-06-12,https://www.international-football.net/elo-ratings-table?day=12&month=06&year=2026,https://www.eloratings.net/
24,Morocco,1824,2026-06-12,https://www.international-football.net/elo-ratings-table?day=12&month=06&year=2026,https://www.eloratings.net/
25,Canada,1788,2026-06-12,https://www.international-football.net/elo-ratings-table?day=12&month=06&year=2026,https://www.eloratings.net/
26,Ukraine,1785,2026-06-12,https://www.international-football.net/elo-ratings-table?day=12&month=06&year=2026,https://www.eloratings.net/
27,Scotland,1782,2026-06-12,https://www.international-football.net/elo-ratings-table?day=12&month=06&year=2026,https://www.eloratings.net/
28,Australia,1777,2026-06-12,https://www.international-football.net/elo-ratings-table?day=12&month=06&year=2026,https://www.eloratings.net/
29,Iran,1772,2026-06-12,https://www.international-football.net/elo-ratings-table?day=12&month=06&year=2026,https://www.eloratings.net/
30,Russia,1770,2026-06-12,https://www.international-football.net/elo-ratings-table?day=12&month=06&year=2026,https://www.eloratings.net/
30,Nigeria,1770,2026-06-12,https://www.international-football.net/elo-ratings-table?day=12&month=06&year=2026,https://www.eloratings.net/
32,Algeria,1760,2026-06-12,https://www.international-football.net/elo-ratings-table?day=12&month=06&year=2026,https://www.eloratings.net/
33,South Korea,1758,2026-06-12,https://www.international-football.net/elo-ratings-table?day=12&month=06&year=2026,https://www.eloratings.net/
34,Greece,1754,2026-06-12,https://www.international-football.net/elo-ratings-table?day=12&month=06&year=2026,https://www.eloratings.net/
35,Czech Republic,1740,2026-06-12,https://www.international-football.net/elo-ratings-table?day=12&month=06&year=2026,https://www.eloratings.net/
36,Serbia,1734,2026-06-12,https://www.international-football.net/elo-ratings-table?day=12&month=06&year=2026,https://www.eloratings.net/
37,Panama,1730,2026-06-12,https://www.international-football.net/elo-ratings-table?day=12&month=06&year=2026,https://www.eloratings.net/
38,United States,1726,2026-06-12,https://www.international-football.net/elo-ratings-table?day=12&month=06&year=2026,https://www.eloratings.net/
39,Venezuela,1722,2026-06-12,https://www.international-football.net/elo-ratings-table?day=12&month=06&year=2026,https://www.eloratings.net/
40,Uzbekistan,1718,2026-06-12,https://www.international-football.net/elo-ratings-table?day=12&month=06&year=2026,https://www.eloratings.net/
41,Kosovo,1714,2026-06-12,https://www.international-football.net/elo-ratings-table?day=12&month=06&year=2026,https://www.eloratings.net/
42,Sweden,1712,2026-06-12,https://www.international-football.net/elo-ratings-table?day=12&month=06&year=2026,https://www.eloratings.net/
43,Poland,1710,2026-06-12,https://www.international-football.net/elo-ratings-table?day=12&month=06&year=2026,https://www.eloratings.net/
44,Chile,1708,2026-06-12,https://www.international-football.net/elo-ratings-table?day=12&month=06&year=2026,https://www.eloratings.net/
45,Hungary,1707,2026-06-12,https://www.international-football.net/elo-ratings-table?day=12&month=06&year=2026,https://www.eloratings.net/
46,Peru,1701,2026-06-12,https://www.international-football.net/elo-ratings-table?day=12&month=06&year=2026,https://www.eloratings.net/
47,Ireland,1699,2026-06-12,https://www.international-football.net/elo-ratings-table?day=12&month=06&year=2026,https://www.eloratings.net/
48,Egypt,1696,2026-06-12,https://www.international-football.net/elo-ratings-table?day=12&month=06&year=2026,https://www.eloratings.net/
49,Ivory Coast,1695,2026-06-12,https://www.international-football.net/elo-ratings-table?day=12&month=06&year=2026,https://www.eloratings.net/
50,Slovenia,1685,2026-06-12,https://www.international-football.net/elo-ratings-table?day=12&month=06&year=2026,https://www.eloratings.net/
50,Jordan,1685,2026-06-12,https://www.international-football.net/elo-ratings-table?day=12&month=06&year=2026,https://www.eloratings.net/
52,Wales,1682,2026-06-12,https://www.international-football.net/elo-ratings-table?day=12&month=06&year=2026,https://www.eloratings.net/
53,Slovakia,1667,2026-06-12,https://www.international-football.net/elo-ratings-table?day=12&month=06&year=2026,https://www.eloratings.net/
54,Dem. Rep. of Congo,1661,2026-06-12,https://www.international-football.net/elo-ratings-table?day=12&month=06&year=2026,https://www.eloratings.net/
55,Georgia,1654,2026-06-12,https://www.international-football.net/elo-ratings-table?day=12&month=06&year=2026,https://www.eloratings.net/
56,Israel,1647,2026-06-12,https://www.international-football.net/elo-ratings-table?day=12&month=06&year=2026,https://www.eloratings.net/
57,Romania,1639,2026-06-12,https://www.international-football.net/elo-ratings-table?day=12&month=06&year=2026,https://www.eloratings.net/
58,Bolivia,1633,2026-06-12,https://www.international-football.net/elo-ratings-table?day=12&month=06&year=2026,https://www.eloratings.net/
59,Tunisia,1628,2026-06-12,https://www.international-football.net/elo-ratings-table?day=12&month=06&year=2026,https://www.eloratings.net/
60,Iraq,1618,2026-06-12,https://www.international-football.net/elo-ratings-table?day=12&month=06&year=2026,https://www.eloratings.net/
61,Albania,1616,2026-06-12,https://www.international-football.net/elo-ratings-table?day=12&month=06&year=2026,https://www.eloratings.net/
62,Cameroon,1613,2026-06-12,https://www.international-football.net/elo-ratings-table?day=12&month=06&year=2026,https://www.eloratings.net/
63,Costa Rica,1611,2026-06-12,https://www.international-football.net/elo-ratings-table?day=12&month=06&year=2026,https://www.eloratings.net/
64,Northern Ireland,1607,2026-06-12,https://www.international-football.net/elo-ratings-table?day=12&month=06&year=2026,https://www.eloratings.net/
65,Bosnia and Herzegovina,1595,2026-06-12,https://www.international-football.net/elo-ratings-table?day=12&month=06&year=2026,https://www.eloratings.net/
66,North Macedonia,1589,2026-06-12,https://www.international-football.net/elo-ratings-table?day=12&month=06&year=2026,https://www.eloratings.net/
67,Mali,1588,2026-06-12,https://www.international-football.net/elo-ratings-table?day=12&month=06&year=2026,https://www.eloratings.net/
68,Cape Verde,1578,2026-06-12,https://www.international-football.net/elo-ratings-table?day=12&month=06&year=2026,https://www.eloratings.net/
69,Honduras,1570,2026-06-12,https://www.international-football.net/elo-ratings-table?day=12&month=06&year=2026,https://www.eloratings.net/
70,Saudi Arabia,1569,2026-06-12,https://www.international-football.net/elo-ratings-table?day=12&month=06&year=2026,https://www.eloratings.net/
70,Iceland,1569,2026-06-12,https://www.international-football.net/elo-ratings-table?day=12&month=06&year=2026,https://www.eloratings.net/
72,New Zealand,1562,2026-06-12,https://www.international-football.net/elo-ratings-table?day=12&month=06&year=2026,https://www.eloratings.net/
73,Haiti,1548,2026-06-12,https://www.international-football.net/elo-ratings-table?day=12&month=06&year=2026,https://www.eloratings.net/
74,United Arab Emirates,1540,2026-06-12,https://www.international-football.net/elo-ratings-table?day=12&month=06&year=2026,https://www.eloratings.net/
75,Angola,1537,2026-06-12,https://www.international-football.net/elo-ratings-table?day=12&month=06&year=2026,https://www.eloratings.net/
76,Finland,1536,2026-06-12,https://www.international-football.net/elo-ratings-table?day=12&month=06&year=2026,https://www.eloratings.net/
77,South Africa,1528,2026-06-12,https://www.international-football.net/elo-ratings-table?day=12&month=06&year=2026,https://www.eloratings.net/
78,Burkina Faso,1526,2026-06-12,https://www.international-football.net/elo-ratings-table?day=12&month=06&year=2026,https://www.eloratings.net/
79,Belarus,1525,2026-06-12,https://www.international-football.net/elo-ratings-table?day=12&month=06&year=2026,https://www.eloratings.net/
80,Jamaica,1517,2026-06-12,https://www.international-football.net/elo-ratings-table?day=12&month=06&year=2026,https://www.eloratings.net/
81,Ghana,1510,2026-06-12,https://www.international-football.net/elo-ratings-table?day=12&month=06&year=2026,https://www.eloratings.net/
82,Guatemala,1507,2026-06-12,https://www.international-football.net/elo-ratings-table?day=12&month=06&year=2026,https://www.eloratings.net/
83,Syria,1479,2026-06-12,https://www.international-football.net/elo-ratings-table?day=12&month=06&year=2026,https://www.eloratings.net/
84,Palestine,1467,2026-06-12,https://www.international-football.net/elo-ratings-table?day=12&month=06&year=2026,https://www.eloratings.net/
85,Guinea,1463,2026-06-12,https://www.international-football.net/elo-ratings-table?day=12&month=06&year=2026,https://www.eloratings.net/
86,Montenegro,1460,2026-06-12,https://www.international-football.net/elo-ratings-table?day=12&month=06&year=2026,https://www.eloratings.net/
87,Oman,1459,2026-06-12,https://www.international-football.net/elo-ratings-table?day=12&month=06&year=2026,https://www.eloratings.net/
88,Bulgaria,1458,2026-06-12,https://www.international-football.net/elo-ratings-table?day=12&month=06&year=2026,https://www.eloratings.net/
89,Northern Cyprus,1457,2026-06-12,https://www.international-football.net/elo-ratings-table?day=12&month=06&year=2026,https://www.eloratings.net/
90,Luxembourg,1450,2026-06-12,https://www.international-football.net/elo-ratings-table?day=12&month=06&year=2026,https://www.eloratings.net/
91,Curaçao,1434,2026-06-12,https://www.international-football.net/elo-ratings-table?day=12&month=06&year=2026,https://www.eloratings.net/
92,Suriname,1431,2026-06-12,https://www.international-football.net/elo-ratings-table?day=12&month=06&year=2026,https://www.eloratings.net/
92,Kazakhstan,1431,2026-06-12,https://www.international-football.net/elo-ratings-table?day=12&month=06&year=2026,https://www.eloratings.net/
94,China,1428,2026-06-12,https://www.international-football.net/elo-ratings-table?day=12&month=06&year=2026,https://www.eloratings.net/
94,Benin,1428,2026-06-12,https://www.international-football.net/elo-ratings-table?day=12&month=06&year=2026,https://www.eloratings.net/
96,Kurdistan,1425,2026-06-12,https://www.international-football.net/elo-ratings-table?day=12&month=06&year=2026,https://www.eloratings.net/
97,Qatar,1421,2026-06-12,https://www.international-football.net/elo-ratings-table?day=12&month=06&year=2026,https://www.eloratings.net/
98,Libya,1420,2026-06-12,https://www.international-football.net/elo-ratings-table?day=12&month=06&year=2026,https://www.eloratings.net/
99,Gambia,1419,2026-06-12,https://www.international-football.net/elo-ratings-table?day=12&month=06&year=2026,https://www.eloratings.net/
100,Bahrain,1414,2026-06-12,https://www.international-football.net/elo-ratings-table?day=12&month=06&year=2026,https://www.eloratings.net/
101,Gabon,1401,2026-06-12,https://www.international-football.net/elo-ratings-table?day=12&month=06&year=2026,https://www.eloratings.net/
102,Uganda,1394,2026-06-12,https://www.international-football.net/elo-ratings-table?day=12&month=06&year=2026,https://www.eloratings.net/
102,Niger,1394,2026-06-12,https://www.international-football.net/elo-ratings-table?day=12&month=06&year=2026,https://www.eloratings.net/
104,Equatorial Guinea,1391,2026-06-12,https://www.international-football.net/elo-ratings-table?day=12&month=06&year=2026,https://www.eloratings.net/
105,Trinidad and Tobago,1388,2026-06-12,https://www.international-football.net/elo-ratings-table?day=12&month=06&year=2026,https://www.eloratings.net/
106,Madagascar,1380,2026-06-12,https://www.international-football.net/elo-ratings-table?day=12&month=06&year=2026,https://www.eloratings.net/
107,Armenia,1378,2026-06-12,https://www.international-football.net/elo-ratings-table?day=12&month=06&year=2026,https://www.eloratings.net/
108,North Korea,1373,2026-06-12,https://www.international-football.net/elo-ratings-table?day=12&month=06&year=2026,https://www.eloratings.net/
109,Zimbabwe,1372,2026-06-12,https://www.international-football.net/elo-ratings-table?day=12&month=06&year=2026,https://www.eloratings.net/
109,Mozambique,1372,2026-06-12,https://www.international-football.net/elo-ratings-table?day=12&month=06&year=2026,https://www.eloratings.net/
109,Thailand,1372,2026-06-12,https://www.international-football.net/elo-ratings-table?day=12&month=06&year=2026,https://www.eloratings.net/
112,Zambia,1371,2026-06-12,https://www.international-football.net/elo-ratings-table?day=12&month=06&year=2026,https://www.eloratings.net/
113,Faroe Islands,1368,2026-06-12,https://www.international-football.net/elo-ratings-table?day=12&month=06&year=2026,https://www.eloratings.net/
114,Comoros,1363,2026-06-12,https://www.international-football.net/elo-ratings-table?day=12&month=06&year=2026,https://www.eloratings.net/
115,Indonesia,1362,2026-06-12,https://www.international-football.net/elo-ratings-table?day=12&month=06&year=2026,https://www.eloratings.net/
116,Togo,1356,2026-06-12,https://www.international-football.net/elo-ratings-table?day=12&month=06&year=2026,https://www.eloratings.net/
117,Sierra Leone,1354,2026-06-12,https://www.international-football.net/elo-ratings-table?day=12&month=06&year=2026,https://www.eloratings.net/
118,Kenya,1352,2026-06-12,https://www.international-football.net/elo-ratings-table?day=12&month=06&year=2026,https://www.eloratings.net/
118,Estonia,1352,2026-06-12,https://www.international-football.net/elo-ratings-table?day=12&month=06&year=2026,https://www.eloratings.net/
120,Vietnam,1351,2026-06-12,https://www.international-football.net/elo-ratings-table?day=12&month=06&year=2026,https://www.eloratings.net/
121,Sudan,1350,2026-06-12,https://www.international-football.net/elo-ratings-table?day=12&month=06&year=2026,https://www.eloratings.net/
122,Reunion,1346,2026-06-12,https://www.international-football.net/elo-ratings-table?day=12&month=06&year=2026,https://www.eloratings.net/
123,El Salvador,1342,2026-06-12,https://www.international-football.net/elo-ratings-table?day=12&month=06&year=2026,https://www.eloratings.net/
124,Guadeloupe,1338,2026-06-12,https://www.international-football.net/elo-ratings-table?day=12&month=06&year=2026,https://www.eloratings.net/
125,Rwanda,1337,2026-06-12,https://www.international-football.net/elo-ratings-table?day=12&month=06&year=2026,https://www.eloratings.net/
126,Nicaragua,1333,2026-06-12,https://www.international-football.net/elo-ratings-table?day=12&month=06&year=2026,https://www.eloratings.net/
127,Kuwait,1331,2026-06-12,https://www.international-football.net/elo-ratings-table?day=12&month=06&year=2026,https://www.eloratings.net/
128,Zanzibar,1326,2026-06-12,https://www.international-football.net/elo-ratings-table?day=12&month=06&year=2026,https://www.eloratings.net/
129,Azerbaijan,1321,2026-06-12,https://www.international-football.net/elo-ratings-table?day=12&month=06&year=2026,https://www.eloratings.net/
130,Mauritania,1317,2026-06-12,https://www.international-football.net/elo-ratings-table?day=12&month=06&year=2026,https://www.eloratings.net/
131,Tanzania,1313,2026-06-12,https://www.international-football.net/elo-ratings-table?day=12&month=06&year=2026,https://www.eloratings.net/
132,Martinique,1312,2026-06-12,https://www.international-football.net/elo-ratings-table?day=12&month=06&year=2026,https://www.eloratings.net/
133,Cyprus,1310,2026-06-12,https://www.international-football.net/elo-ratings-table?day=12&month=06&year=2026,https://www.eloratings.net/
134,Latvia,1305,2026-06-12,https://www.international-football.net/elo-ratings-table?day=12&month=06&year=2026,https://www.eloratings.net/
135,Namibia,1303,2026-06-12,https://www.international-football.net/elo-ratings-table?day=12&month=06&year=2026,https://www.eloratings.net/
136,Kyrgyzstan,1293,2026-06-12,https://www.international-football.net/elo-ratings-table?day=12&month=06&year=2026,https://www.eloratings.net/
136,Malaysia,1293,2026-06-12,https://www.international-football.net/elo-ratings-table?day=12&month=06&year=2026,https://www.eloratings.net/
138,Guyana,1292,2026-06-12,https://www.international-football.net/elo-ratings-table?day=12&month=06&year=2026,https://www.eloratings.net/
139,Ethiopia,1291,2026-06-12,https://www.international-football.net/elo-ratings-table?day=12&month=06&year=2026,https://www.eloratings.net/
139,Liberia,1291,2026-06-12,https://www.international-football.net/elo-ratings-table?day=12&month=06&year=2026,https://www.eloratings.net/
141,Tajikistan,1290,2026-06-12,https://www.international-football.net/elo-ratings-table?day=12&month=06&year=2026,https://www.eloratings.net/
142,Lebanon,1288,2026-06-12,https://www.international-football.net/elo-ratings-table?day=12&month=06&year=2026,https://www.eloratings.net/
143,Lithuania,1286,2026-06-12,https://www.international-football.net/elo-ratings-table?day=12&month=06&year=2026,https://www.eloratings.net/
143,New Caledonia,1286,2026-06-12,https://www.international-football.net/elo-ratings-table?day=12&month=06&year=2026,https://www.eloratings.net/
145,Burundi,1285,2026-06-12,https://www.international-football.net/elo-ratings-table?day=12&month=06&year=2026,https://www.eloratings.net/
146,Dominican Republic,1283,2026-06-12,https://www.international-football.net/elo-ratings-table?day=12&month=06&year=2026,https://www.eloratings.net/
147,Botswana,1267,2026-06-12,https://www.international-football.net/elo-ratings-table?day=12&month=06&year=2026,https://www.eloratings.net/
148,Moldova,1265,2026-06-12,https://www.international-football.net/elo-ratings-table?day=12&month=06&year=2026,https://www.eloratings.net/
149,Malta,1255,2026-06-12,https://www.international-football.net/elo-ratings-table?day=12&month=06&year=2026,https://www.eloratings.net/
150,Guinea-Bissau,1248,2026-06-12,https://www.international-football.net/elo-ratings-table?day=12&month=06&year=2026,https://www.eloratings.net/
151,Central African Republic,1241,2026-06-12,https://www.international-football.net/elo-ratings-table?day=12&month=06&year=2026,https://www.eloratings.net/
152,Cuba,1239,2026-06-12,https://www.international-football.net/elo-ratings-table?day=12&month=06&year=2026,https://www.eloratings.net/
153,Malawi,1235,2026-06-12,https://www.international-football.net/elo-ratings-table?day=12&month=06&year=2026,https://www.eloratings.net/
154,French Guiana,1221,2026-06-12,https://www.international-football.net/elo-ratings-table?day=12&month=06&year=2026,https://www.eloratings.net/
155,Mayotte,1217,2026-06-12,https://www.international-football.net/elo-ratings-table?day=12&month=06&year=2026,https://www.eloratings.net/
156,Lesotho,1209,2026-06-12,https://www.international-football.net/elo-ratings-table?day=12&month=06&year=2026,https://www.eloratings.net/
156,Turkmenistan,1209,2026-06-12,https://www.international-football.net/elo-ratings-table?day=12&month=06&year=2026,https://www.eloratings.net/
158,Congo,1206,2026-06-12,https://www.international-football.net/elo-ratings-table?day=12&month=06&year=2026,https://www.eloratings.net/
159,Eritrea,1201,2026-06-12,https://www.international-football.net/elo-ratings-table?day=12&month=06&year=2026,https://www.eloratings.net/
160,Yemen,1195,2026-06-12,https://www.international-football.net/elo-ratings-table?day=12&month=06&year=2026,https://www.eloratings.net/
161,Tahiti,1179,2026-06-12,https://www.international-football.net/elo-ratings-table?day=12&month=06&year=2026,https://www.eloratings.net/
162,Philippines,1169,2026-06-12,https://www.international-football.net/elo-ratings-table?day=12&month=06&year=2026,https://www.eloratings.net/
163,Eswatini,1149,2026-06-12,https://www.international-football.net/elo-ratings-table?day=12&month=06&year=2026,https://www.eloratings.net/
164,Saint Vincent and the Grenadines,1141,2026-06-12,https://www.international-football.net/elo-ratings-table?day=12&month=06&year=2026,https://www.eloratings.net/
165,Papua New Guinea,1136,2026-06-12,https://www.international-football.net/elo-ratings-table?day=12&month=06&year=2026,https://www.eloratings.net/
166,Puerto Rico,1135,2026-06-12,https://www.international-football.net/elo-ratings-table?day=12&month=06&year=2026,https://www.eloratings.net/
167,Singapore,1134,2026-06-12,https://www.international-football.net/elo-ratings-table?day=12&month=06&year=2026,https://www.eloratings.net/
168,Hong Kong,1122,2026-06-12,https://www.international-football.net/elo-ratings-table?day=12&month=06&year=2026,https://www.eloratings.net/
168,India,1122,2026-06-12,https://www.international-football.net/elo-ratings-table?day=12&month=06&year=2026,https://www.eloratings.net/
170,Vanuatu,1121,2026-06-12,https://www.international-football.net/elo-ratings-table?day=12&month=06&year=2026,https://www.eloratings.net/
171,Bermuda,1117,2026-06-12,https://www.international-football.net/elo-ratings-table?day=12&month=06&year=2026,https://www.eloratings.net/
172,South Sudan,1109,2026-06-12,https://www.international-football.net/elo-ratings-table?day=12&month=06&year=2026,https://www.eloratings.net/
173,Fiji,1101,2026-06-12,https://www.international-football.net/elo-ratings-table?day=12&month=06&year=2026,https://www.eloratings.net/
174,Grenada,1098,2026-06-12,https://www.international-football.net/elo-ratings-table?day=12&month=06&year=2026,https://www.eloratings.net/
175,Andorra,1081,2026-06-12,https://www.international-football.net/elo-ratings-table?day=12&month=06&year=2026,https://www.eloratings.net/
176,Belize,1073,2026-06-12,https://www.international-football.net/elo-ratings-table?day=12&month=06&year=2026,https://www.eloratings.net/
176,Chad,1073,2026-06-12,https://www.international-football.net/elo-ratings-table?day=12&month=06&year=2026,https://www.eloratings.net/
176,Mauritius,1073,2026-06-12,https://www.international-football.net/elo-ratings-table?day=12&month=06&year=2026,https://www.eloratings.net/
179,Solomon Islands,1054,2026-06-12,https://www.international-football.net/elo-ratings-table?day=12&month=06&year=2026,https://www.eloratings.net/
180,Saint Martin,1042,2026-06-12,https://www.international-football.net/elo-ratings-table?day=12&month=06&year=2026,https://www.eloratings.net/
181,São Tomé e Príncipe,1035,2026-06-12,https://www.international-football.net/elo-ratings-table?day=12&month=06&year=2026,https://www.eloratings.net/
182,Saint Kitts and Nevis,1029,2026-06-12,https://www.international-football.net/elo-ratings-table?day=12&month=06&year=2026,https://www.eloratings.net/
183,Afghanistan,1023,2026-06-12,https://www.international-football.net/elo-ratings-table?day=12&month=06&year=2026,https://www.eloratings.net/
184,Gibraltar,1011,2026-06-12,https://www.international-football.net/elo-ratings-table?day=12&month=06&year=2026,https://www.eloratings.net/
185,Saint Lucia,1003,2026-06-12,https://www.international-football.net/elo-ratings-table?day=12&month=06&year=2026,https://www.eloratings.net/
186,Somaliland,1002,2026-06-12,https://www.international-football.net/elo-ratings-table?day=12&month=06&year=2026,https://www.eloratings.net/
187,Western Sahara,996,2026-06-12,https://www.international-football.net/elo-ratings-table?day=12&month=06&year=2026,https://www.eloratings.net/
188,Myanmar,993,2026-06-12,https://www.international-football.net/elo-ratings-table?day=12&month=06&year=2026,https://www.eloratings.net/
189,Somalia,979,2026-06-12,https://www.international-football.net/elo-ratings-table?day=12&month=06&year=2026,https://www.eloratings.net/
190,Aruba,978,2026-06-12,https://www.international-football.net/elo-ratings-table?day=12&month=06&year=2026,https://www.eloratings.net/
191,Sint Maarten,975,2026-06-12,https://www.international-football.net/elo-ratings-table?day=12&month=06&year=2026,https://www.eloratings.net/
192,Montserrat,972,2026-06-12,https://www.international-football.net/elo-ratings-table?day=12&month=06&year=2026,https://www.eloratings.net/
193,Greenland,946,2026-06-12,https://www.international-football.net/elo-ratings-table?day=12&month=06&year=2026,https://www.eloratings.net/
194,Bangladesh,942,2026-06-12,https://www.international-football.net/elo-ratings-table?day=12&month=06&year=2026,https://www.eloratings.net/
195,Djibouti,940,2026-06-12,https://www.international-football.net/elo-ratings-table?day=12&month=06&year=2026,https://www.eloratings.net/
196,Dominica,934,2026-06-12,https://www.international-football.net/elo-ratings-table?day=12&month=06&year=2026,https://www.eloratings.net/
197,Monaco,903,2026-06-12,https://www.international-football.net/elo-ratings-table?day=12&month=06&year=2026,https://www.eloratings.net/
198,Liechtenstein,899,2026-06-12,https://www.international-football.net/elo-ratings-table?day=12&month=06&year=2026,https://www.eloratings.net/
199,Barbados,898,2026-06-12,https://www.international-football.net/elo-ratings-table?day=12&month=06&year=2026,https://www.eloratings.net/
200,Antigua and Barbuda,894,2026-06-12,https://www.international-football.net/elo-ratings-table?day=12&month=06&year=2026,https://www.eloratings.net/
201,Nepal,893,2026-06-12,https://www.international-football.net/elo-ratings-table?day=12&month=06&year=2026,https://www.eloratings.net/
202,Seychelles,853,2026-06-12,https://www.international-football.net/elo-ratings-table?day=12&month=06&year=2026,https://www.eloratings.net/
203,Cambodia,849,2026-06-12,https://www.international-football.net/elo-ratings-table?day=12&month=06&year=2026,https://www.eloratings.net/
204,Pakistan,847,2026-06-12,https://www.international-football.net/elo-ratings-table?day=12&month=06&year=2026,https://www.eloratings.net/
205,Sri Lanka,827,2026-06-12,https://www.international-football.net/elo-ratings-table?day=12&month=06&year=2026,https://www.eloratings.net/
206,San Marino,826,2026-06-12,https://www.international-football.net/elo-ratings-table?day=12&month=06&year=2026,https://www.eloratings.net/
207,Chinese Taipei,821,2026-06-12,https://www.international-football.net/elo-ratings-table?day=12&month=06&year=2026,https://www.eloratings.net/
208,Bonaire,816,2026-06-12,https://www.international-football.net/elo-ratings-table?day=12&month=06&year=2026,https://www.eloratings.net/
209,Maldives,801,2026-06-12,https://www.international-football.net/elo-ratings-table?day=12&month=06&year=2026,https://www.eloratings.net/
210,Cayman Islands,800,2026-06-12,https://www.international-football.net/elo-ratings-table?day=12&month=06&year=2026,https://www.eloratings.net/
211,Chagos Islands,785,2026-06-12,https://www.international-football.net/elo-ratings-table?day=12&month=06&year=2026,https://www.eloratings.net/
212,Sint Eustatius,757,2026-06-12,https://www.international-football.net/elo-ratings-table?day=12&month=06&year=2026,https://www.eloratings.net/
213,Tuvalu,756,2026-06-12,https://www.international-football.net/elo-ratings-table?day=12&month=06&year=2026,https://www.eloratings.net/
214,British Virgin Islands,743,2026-06-12,https://www.international-football.net/elo-ratings-table?day=12&month=06&year=2026,https://www.eloratings.net/
215,Laos,734,2026-06-12,https://www.international-football.net/elo-ratings-table?day=12&month=06&year=2026,https://www.eloratings.net/
216,Samoa,730,2026-06-12,https://www.international-football.net/elo-ratings-table?day=12&month=06&year=2026,https://www.eloratings.net/
217,Mongolia,725,2026-06-12,https://www.international-football.net/elo-ratings-table?day=12&month=06&year=2026,https://www.eloratings.net/
217,Saint Barthelemy,725,2026-06-12,https://www.international-football.net/elo-ratings-table?day=12&month=06&year=2026,https://www.eloratings.net/
219,Timor-Leste,714,2026-06-12,https://www.international-football.net/elo-ratings-table?day=12&month=06&year=2026,https://www.eloratings.net/
220,Guam,705,2026-06-12,https://www.international-football.net/elo-ratings-table?day=12&month=06&year=2026,https://www.eloratings.net/
221,Wallis and Futuna,701,2026-06-12,https://www.international-football.net/elo-ratings-table?day=12&month=06&year=2026,https://www.eloratings.net/
222,Vatican,692,2026-06-12,https://www.international-football.net/elo-ratings-table?day=12&month=06&year=2026,https://www.eloratings.net/
223,Bahamas,685,2026-06-12,https://www.international-football.net/elo-ratings-table?day=12&month=06&year=2026,https://www.eloratings.net/
224,Saint Pierre and Miquelon,677,2026-06-12,https://www.international-football.net/elo-ratings-table?day=12&month=06&year=2026,https://www.eloratings.net/
225,Saba,671,2026-06-12,https://www.international-football.net/elo-ratings-table?day=12&month=06&year=2026,https://www.eloratings.net/
226,Turks and Caicos,658,2026-06-12,https://www.international-football.net/elo-ratings-table?day=12&month=06&year=2026,https://www.eloratings.net/
227,Anguilla,646,2026-06-12,https://www.international-football.net/elo-ratings-table?day=12&month=06&year=2026,https://www.eloratings.net/
228,Bhutan,631,2026-06-12,https://www.international-football.net/elo-ratings-table?day=12&month=06&year=2026,https://www.eloratings.net/
229,Tibet,630,2026-06-12,https://www.international-football.net/elo-ratings-table?day=12&month=06&year=2026,https://www.eloratings.net/
230,US Virgin Islands,628,2026-06-12,https://www.international-football.net/elo-ratings-table?day=12&month=06&year=2026,https://www.eloratings.net/
231,Cook Islands,623,2026-06-12,https://www.international-football.net/elo-ratings-table?day=12&month=06&year=2026,https://www.eloratings.net/
232,Brunei,592,2026-06-12,https://www.international-football.net/elo-ratings-table?day=12&month=06&year=2026,https://www.eloratings.net/
233,Macau,588,2026-06-12,https://www.international-football.net/elo-ratings-table?day=12&month=06&year=2026,https://www.eloratings.net/
234,Falkland Islands,571,2026-06-12,https://www.international-football.net/elo-ratings-table?day=12&month=06&year=2026,https://www.eloratings.net/
235,Micronesia,564,2026-06-12,https://www.international-football.net/elo-ratings-table?day=12&month=06&year=2026,https://www.eloratings.net/
236,Marshall Islands,559,2026-06-12,https://www.international-football.net/elo-ratings-table?day=12&month=06&year=2026,https://www.eloratings.net/
237,Kiribati,545,2026-06-12,https://www.international-football.net/elo-ratings-table?day=12&month=06&year=2026,https://www.eloratings.net/
238,Tonga,521,2026-06-12,https://www.international-football.net/elo-ratings-table?day=12&month=06&year=2026,https://www.eloratings.net/
239,Niue,496,2026-06-12,https://www.international-football.net/elo-ratings-table?day=12&month=06&year=2026,https://www.eloratings.net/
240,Northern Mariana Islands,432,2026-06-12,https://www.international-football.net/elo-ratings-table?day=12&month=06&year=2026,https://www.eloratings.net/
241,Palau,403,2026-06-12,https://www.international-football.net/elo-ratings-table?day=12&month=06&year=2026,https://www.eloratings.net/
242,American Samoa,369,2026-06-12,https://www.international-football.net/elo-ratings-table?day=12&month=06&year=2026,https://www.eloratings.net/
